"Name","SKU","Price","Stock Status","Source"
"ตู้เย็น 2 ประตู 7.3 คิว Inverter (สี Metal Graphite) รุ่น RT20HAR1DSA/ST","210022","6790.00","Out of Stock","powerbuy.co.th"
"ตู้เย็น 2 ประตู 7.3 คิว Inverter (สี Metal Graphite) รุ่น RT20HAR1DSA/ST","210022","6790.00","Out of Stock","powerbuy.co.th"
"ไมโครเวฟ (800 วัตต์, 23 ลิตร) รุ่น MS23K3513AW/ST","224646","2790.00","Out of Stock","powerbuy.co.th"
"ไมโครเวฟ (800 วัตต์, 23 ลิตร) รุ่น MS23K3513AW/ST","224646","2790.00","Out of Stock","powerbuy.co.th"
"เครื่องดูดฝุ่นแบบกล่อง (1,800 วัตต์) รุ่น VCC4540S36/XST","237537","1790.00","Out of Stock","powerbuy.co.th"
"เครื่องดูดฝุ่นแบบกล่อง (1,800 วัตต์) รุ่น VCC4540S36/XST","237537","1790.00","Out of Stock","powerbuy.co.th"
"ไมโครเวฟ (800วัตต์, 23 ลิตร) รุ่น MG23K3515AK-ST","245550","2990.00","Out of Stock","powerbuy.co.th"
"ไมโครเวฟ (800วัตต์, 23 ลิตร) รุ่น MG23K3515AK-ST","245550","2990.00","Out of Stock","powerbuy.co.th"
"MOMAX ที่ชาร์จไร้สาย (5000 mAh, สีดำ) รุ่น IP85D","246769","694.00","Out of Stock","powerbuy.co.th"
"หุ่นยนต์ดูดฝุ่น (40 วัตต์, สีดำ) รุ่น VR05R5050WK/ST","251845","6990.00","Out of Stock","powerbuy.co.th"
"ลำโพง PA ไร้สาย (2.1 CH, 1500 วัตต์) รุ่น Giga Audio MX-T70/XT","256075","7990.00","Out of Stock","powerbuy.co.th"
"HEAL เคสสำหรับ iPhone 12 Mini (สีใส) รุ่น CASE IPHONE 12 CLEAR","261976","144.00","Out of Stock","powerbuy.co.th"
"APPLE iPhone 11 (128GB, Black)","263528","21500.00","Out of Stock","powerbuy.co.th"
"เครื่องซักผ้าฝาหน้า (8 kg.) WW80T3040WW/ST + ฐานรอง","265186","9990.00","Out of Stock","powerbuy.co.th"
"เครื่องซักผ้าฝาหน้า (8 kg.) WW80T3040WW/ST + ฐานรอง","265186","9990.00","Out of Stock","powerbuy.co.th"
"ตู้เย็น 2 ประตู 9 คิว (สี Black DOI) รุ่น RT25FGRADB1/ST","267384","8290.00","Out of Stock","powerbuy.co.th"
"ตู้เย็น 2 ประตู 9 คิว (สี Black DOI) รุ่น RT25FGRADB1/ST","267384","8290.00","Out of Stock","powerbuy.co.th"
"APPLE iPhone 13 (128GB, Midnight)","270636","15500.00","Out of Stock","powerbuy.co.th"
"ไมโครเวฟ SOLO (700 วัตต์, 20 ลิตร, สีดำ) รุ่น MS20A3010AL/ST","271613","1590.00","Out of Stock","powerbuy.co.th"
"ไมโครเวฟ SOLO (700 วัตต์, 20 ลิตร, สีดำ) รุ่น MS20A3010AL/ST","271613","1890.00","Out of Stock","powerbuy.co.th"
"เครื่องซักผ้า 2 ถัง (16 kg.) รุ่น WT16B5240BA/ST","276369","7690.00","Out of Stock","powerbuy.co.th"
"เครื่องซักผ้า 2 ถัง (16 kg.) รุ่น WT16B5240BA/ST","276369","7690.00","Out of Stock","powerbuy.co.th"
"HEAL Glossy Series เคสใสพร้อม MagSafe สำหรับ iPhone 14 Pro Max (สีฟ้า)","281725","790.00","Out of Stock","powerbuy.co.th"
"APPLE iPhone 14 (128GB, Starlight)","281867","17900.00","Out of Stock","powerbuy.co.th"
"Galaxy S23 Ultra (RAM 8GB, 256GB, Phantom Black)","286634","41900.00","Out of Stock","powerbuy.co.th"
"Galaxy S23 Ultra (RAM 8GB, 256GB, Phantom Black)","286634","41900.00","Out of Stock","powerbuy.co.th"
"ตู้เย็น 2 ประตู (14.7 คิว, สีขาว) รุ่น RT42CB664412ST","287813","12990.00","Out of Stock","powerbuy.co.th"
"ตู้เย็น 2 ประตู (14.7 คิว, สีขาว) รุ่น RT42CB664412ST","287813","12990.00","Out of Stock","powerbuy.co.th"
"APPLE iPhone 14 Plus (512GB, Yellow)","288227","45900.00","Out of Stock","powerbuy.co.th"
"ตู้เย็น 2 ประตู 13.9 คิว Inverter (สีดำ) รุ่น RT38CG6020B1ST","289217","9990.00","Out of Stock","powerbuy.co.th"
"ตู้เย็น 2 ประตู 13.9 คิว Inverter (สีดำ) รุ่น RT38CG6020B1ST","289217","9990.00","Out of Stock","powerbuy.co.th"
"เครื่องซักผ้าฝาบน Inverter 14 kg รุ่น WA14CG5441BYST","289345","9190.00","Out of Stock","powerbuy.co.th"
"เครื่องซักผ้าฝาบน Inverter 14 kg รุ่น WA14CG5441BYST","289345","9190.00","Out of Stock","powerbuy.co.th"
"เครื่องซักผ้าฝาบน (17 kg) รุ่น WA17CG6441BYST","289354","8990.00","Out of Stock","powerbuy.co.th"
"เครื่องซักผ้าฝาบน (17 kg) รุ่น WA17CG6441BYST","289354","8990.00","Out of Stock","powerbuy.co.th"
"ซาวด์บาร์ (2.1 CH, 300 วัตต์) รุ่น HW-C450/XT","289678","3990.00","Out of Stock","powerbuy.co.th"
"ซาวด์บาร์ (2.1 CH, 300 วัตต์) รุ่น HW-C450/XT","289678","3990.00","Out of Stock","powerbuy.co.th"
"APPLE iPhone 15 (128GB, Green)","292449","20700.00","Out of Stock","powerbuy.co.th"
"APPLE iPhone 15 Plus (512GB, Yellow)","292475","50900.00","Out of Stock","powerbuy.co.th"
"APPLE iPhone 15 Pro (1TB, Blue Titanium)","292490","46794.00","Out of Stock","powerbuy.co.th"
"APPLE iPhone 15 Pro (1TB, White Titanium)","292491","46794.00","Out of Stock","powerbuy.co.th"
"APPLE iPhone 15 Pro (1TB, Black Titanium)","292492","46794.00","Out of Stock","powerbuy.co.th"
"APPLE iPhone 15 Pro (256GB, Black Titanium)","292496","33794.00","Out of Stock","powerbuy.co.th"
"APPLE iPhone 15 Pro (512GB, Natural Titanium)","292497","41794.00","Out of Stock","powerbuy.co.th"
"APPLE iPhone 15 Pro Max (512GB, Blue Titanium)","292518","42394.00","Out of Stock","powerbuy.co.th"
"Galaxy A05s (RAM 6GB, 128GB, Silver)","292988","4499.00","Out of Stock","powerbuy.co.th"
"Galaxy A05s (RAM 6GB, 128GB, Silver)","292988","4499.00","Out of Stock","powerbuy.co.th"
"APPLE iPhone 15 Pro Silicone Case with MagSafe (Cypress)","293047","1990.00","Out of Stock","powerbuy.co.th"
"Galaxy S23 FE (RAM 8GB, 256GB, Mint)","293363","25900.00","Out of Stock","powerbuy.co.th"
"Galaxy S23 FE (RAM 8GB, 256GB, Mint)","293363","25900.00","Out of Stock","powerbuy.co.th"
"Galaxy S24 Ultra (RAM 12GB, 256GB, Titanium Black)","295649","30400.00","Out of Stock","powerbuy.co.th"
"Galaxy S24 Ultra (RAM 12GB, 256GB, Titanium Black)","295649","30400.00","Out of Stock","powerbuy.co.th"
"Galaxy S24 Ultra (RAM 12GB, 256GB, Titanium Gray)","295650","30400.00","Out of Stock","powerbuy.co.th"
"Galaxy S24 Ultra (RAM 12GB, 256GB, Titanium Gray)","295650","30400.00","Out of Stock","powerbuy.co.th"
"Galaxy S24 Ultra (RAM 12GB, 256GB, Titanium Yellow)","295652","30400.00","Out of Stock","powerbuy.co.th"
"Galaxy S24 Ultra (RAM 12GB, 256GB, Titanium Yellow)","295652","30400.00","Out of Stock","powerbuy.co.th"
"อะแดปเตอร์ (25 วัตต์, สีดำ) รุ่น EP-T2510NBEGTH","295932","690.00","Out of Stock","powerbuy.co.th"
"อะแดปเตอร์ (25 วัตต์, สีดำ) รุ่น EP-T2510NBEGTH","295932","690.00","Out of Stock","powerbuy.co.th"
"ทีวี 55Q65D สมาร์ททีวี 55 นิ้ว 4K UHD QLED รุ่น QA55Q65DAKXXT ปี 2024","296550","15990.00","Out of Stock","powerbuy.co.th"
"ทีวี 55Q65D สมาร์ททีวี 55 นิ้ว 4K UHD QLED รุ่น QA55Q65DAKXXT ปี 2024","296550","15990.00","Out of Stock","powerbuy.co.th"
"ทีวี 85Q65D สมาร์ททีวี 85 นิ้ว 4K UHD QLED รุ่น QA85Q65DAKXXT ปี 2024","296554","38990.00","Out of Stock","powerbuy.co.th"
"ทีวี 85Q65D สมาร์ททีวี 85 นิ้ว 4K UHD QLED รุ่น QA85Q65DAKXXT ปี 2024","296554","38990.00","Out of Stock","powerbuy.co.th"
"APPLE iPhone 13 (128GB, Midnight)","296775","15500.00","Out of Stock","powerbuy.co.th"
"APPLE iPhone 13 (128GB, Starlight)","296776","15500.00","Out of Stock","powerbuy.co.th"
"APPLE iPhone 15 Plus (128GB, Black)","296782","29900.00","Out of Stock","powerbuy.co.th"
"เครื่องซักผ้าฝาบน Digital Inverter 19 kg รุ่น WA19CG6745BDST","297514","9990.00","Out of Stock","powerbuy.co.th"
"เครื่องซักผ้าฝาบน Digital Inverter 19 kg รุ่น WA19CG6745BDST","297514","9990.00","Out of Stock","powerbuy.co.th"
"ทีวี 75Q70D สมาร์ทที 75 นิ้ว 4K UHD QLED รุ่น QA75Q70DAKXXT ปี 2024","297657","49990.00","Out of Stock","powerbuy.co.th"
"ทีวี 75Q70D สมาร์ทที 75 นิ้ว 4K UHD QLED รุ่น QA75Q70DAKXXT ปี 2024","297657","49990.00","Out of Stock","powerbuy.co.th"
"ทีวี 65Q70D สมาร์ทที 65 นิ้ว 4K UHD QLED รุ่น QA65Q70DAKXXT ปี 2024","297659","32990.00","Out of Stock","powerbuy.co.th"
"ทีวี 65Q70D สมาร์ทที 65 นิ้ว 4K UHD QLED รุ่น QA65Q70DAKXXT ปี 2024","297659","32990.00","Out of Stock","powerbuy.co.th"
"ทีวี 98DU9000 สมาร์ททีวี 98 นิ้ว 4K Crystal UHD LED รุ่น UA98DU9000KXXT ปี 2024","297663","119990.00","Out of Stock","powerbuy.co.th"
"Galaxy Tab S6 LITE LTE (RAM 4GB, 128GB, GRAY)","297727","9990.00","Out of Stock","powerbuy.co.th"
"Galaxy Tab S6 LITE LTE (RAM 4GB, 128GB, GRAY)","297727","9990.00","Out of Stock","powerbuy.co.th"
"Galaxy Tab A9 LTE (RAM 8GB, 128GB, Graphite)","299061","5990.00","Out of Stock","powerbuy.co.th"
"Galaxy Tab A9 LTE (RAM 8GB, 128GB, Graphite)","299061","4990.00","Out of Stock","powerbuy.co.th"
"APPLE iPhone 14 (128GB, Midnight)","299107","17900.00","Out of Stock","powerbuy.co.th"
"ทีวี 50DU7000 สมาร์ททีวี 50 นิ้ว 4K Crystal UHD LED รุ่น UA50DU7000KXXT ปี 2024","299301","12990.00","Out of Stock","powerbuy.co.th"
"ทีวี 43DU7000 สมาร์ททีวี 43 นิ้ว 4K Crystal UHD LED รุ่น UA43DU7000KXXT ปี 2024","299302","11990.00","Out of Stock","powerbuy.co.th"
"Galaxy A06 (RAM 4GB, 64GB, Light Green)","300709","2699.00","Out of Stock","powerbuy.co.th"
"Galaxy A06 (RAM 4GB, 64GB, Light Green)","300709","2699.00","Out of Stock","powerbuy.co.th"
"Galaxy A06 (RAM 4GB, 64GB, Black)","300710","2699.00","Out of Stock","powerbuy.co.th"
"Galaxy A06 (RAM 4GB, 64GB, Black)","300710","2699.00","Out of Stock","powerbuy.co.th"
"APPLE iPhone 16 (128GB, Ultramarine)","301011","26900.00","Out of Stock","powerbuy.co.th"
"APPLE iPhone 16 (128GB, Pink)","301013","26900.00","Out of Stock","powerbuy.co.th"
"APPLE iPhone 16 (128GB, Teal)","301014","26900.00","Out of Stock","powerbuy.co.th"
"APPLE iPhone 16 Plus (128GB, Ultramarine)","301026","31900.00","Out of Stock","powerbuy.co.th"
"APPLE iPhone 16 Plus (128GB, Teal)","301029","31900.00","Out of Stock","powerbuy.co.th"
"APPLE iPhone 16 Pro (256GB, Desert Titanium)","301045","37800.00","Out of Stock","powerbuy.co.th"
"APPLE iPhone 16 Pro (256GB, Black Titanium)","301047","37800.00","Out of Stock","powerbuy.co.th"
"APPLE iPhone 16 Pro Max (512GB, Natural Titanium)","301060","49700.00","Out of Stock","powerbuy.co.th"
"APPLE iPhone 16 Pro Max (1TB, Natural Titanium)","301064","57700.00","Out of Stock","powerbuy.co.th"
"APPLE iPhone 16 (128GB, Black)","301088","26900.00","Out of Stock","powerbuy.co.th"
"APPLE iPhone 16 (128GB, Pink)","301089","26900.00","Out of Stock","powerbuy.co.th"
"APPLE iPhone 16 (128GB, Teal)","301090","26900.00","Out of Stock","powerbuy.co.th"
"APPLE iPhone 16 Pro (128GB, Desert Titanium)","301117","33800.00","Out of Stock","powerbuy.co.th"
"APPLE iPhone 16 Pro (256GB, Natural Titanium)","301120","37800.00","Out of Stock","powerbuy.co.th"
"APPLE iPhone 16 Pro (256GB, Desert Titanium)","301121","37800.00","Out of Stock","powerbuy.co.th"
"APPLE iPhone 16 Pro (256GB, White Titanium)","301122","37800.00","Out of Stock","powerbuy.co.th"
"APPLE iPhone 16 Pro (256GB, Black Titanium)","301123","37800.00","Out of Stock","powerbuy.co.th"
"APPLE iPhone 16 Pro Max (256GB, Natural Titanium)","301132","40900.00","Out of Stock","powerbuy.co.th"
"APPLE iPhone 16 Pro Max (256GB, White Titanium)","301134","40900.00","Out of Stock","powerbuy.co.th"
"APPLE iPhone 16 Pro Max (256GB, Black Titanium)","301135","40900.00","Out of Stock","powerbuy.co.th"
"APPLE iPhone 16 Pro Max (512GB, Desert Titanium)","301137","49700.00","Out of Stock","powerbuy.co.th"
"APPLE iPhone 16 Pro Max (512GB, White Titanium)","301138","49700.00","Out of Stock","powerbuy.co.th"
"APPLE iPhone 16 Pro Max (512GB, Black Titanium)","301139","49700.00","Out of Stock","powerbuy.co.th"
"ตู้เย็น 2 ประตู 18.7 คิว Inverter (สีเงิน) รุ่น RT53DG7A14S9ST","301903","17490.00","Out of Stock","powerbuy.co.th"
"ตู้เย็น 2 ประตู 18.7 คิว Inverter (สีเงิน) รุ่น RT53DG7A14S9ST","301903","17490.00","Out of Stock","powerbuy.co.th"
"Galaxy A16 5G (RAM 8GB, 256GB, Light Green)","302216","6999.00","Out of Stock","powerbuy.co.th"
"Galaxy A16 5G (RAM 8GB, 256GB, Light Green)","302216","6999.00","Out of Stock","powerbuy.co.th"
"Galaxy A16 5G (RAM 8GB, 256GB, Blue Black)","302217","6999.00","Out of Stock","powerbuy.co.th"
"Galaxy A16 5G (RAM 8GB, 256GB, Blue Black)","302217","6999.00","Out of Stock","powerbuy.co.th"
"Galaxy A16 5G (RAM 4GB, 128GB, Light Green)","302227","4499.00","Out of Stock","powerbuy.co.th"
"Galaxy A16 5G (RAM 4GB, 128GB, Light Green)","302227","4499.00","Out of Stock","powerbuy.co.th"
"Galaxy S25 Ultra (RAM 12GB, 256GB, Titanium Blue)","303387","42900.00","Out of Stock","powerbuy.co.th"
"Galaxy S25 Ultra (RAM 12GB, 256GB, Titanium Blue)","303387","42900.00","Out of Stock","powerbuy.co.th"
"Galaxy S25 Ultra (RAM 12GB, 256GB, Titanium Black)","303395","42900.00","Out of Stock","powerbuy.co.th"
"Galaxy S25 Ultra (RAM 12GB, 256GB, Titanium Black)","303395","42900.00","Out of Stock","powerbuy.co.th"
"Galaxy S25 Ultra (RAM 12GB, 256GB, Titanium Silver)","303403","42900.00","Out of Stock","powerbuy.co.th"
"แอร์ติดผนัง WindFree Anti-Bacterial Cu Filter 12000 BTU Inverter รุ่น AR13CYHCAWKNST","303687","10990.00","Out of Stock","powerbuy.co.th"
"แอร์ติดผนัง WindFree Anti-Bacterial Cu Filter 12000 BTU Inverter รุ่น AR13CYHCAWKNST","303687","11990.00","Out of Stock","powerbuy.co.th"
"แอร์ติดผนัง WindFree Anti-Bacterial Cu Filter 18000 BTU Inverter รุ่น AR18CYHCAWKNST","303690","17990.00","Out of Stock","powerbuy.co.th"
"แอร์ติดผนัง WindFree Anti-Bacterial Cu Filter 18000 BTU Inverter รุ่น AR18CYHCAWKNST","303690","16990.00","Out of Stock","powerbuy.co.th"
"แอร์ติดผนัง WindFree Anti-Bacterial Cu Filter 9000 BTU Inverter รุ่น AR10CYHCAWKNST","303696","10990.00","Out of Stock","powerbuy.co.th"
"แอร์ติดผนัง WindFree Anti-Bacterial Cu Filter 9000 BTU Inverter รุ่น AR10CYHCAWKNST","303696","10990.00","Out of Stock","powerbuy.co.th"
"APPLE iPhone 16e (128GB, Black)","304031","22400.00","Out of Stock","powerbuy.co.th"
"APPLE iPhone 16e (128GB, White)","304034","22400.00","Out of Stock","powerbuy.co.th"
"APPLE iPhone 16e (128GB, Black)","304039","22400.00","Out of Stock","powerbuy.co.th"
"ZAGG Crystal Palace Snap เคสสำหรับ iPhone 16e (สีใส) รุ่น KS056575","304079","1090.00","Out of Stock","powerbuy.co.th"
"Galaxy A56 5G (RAM 8GB, 128GB, Green)","304252","13999.00","Out of Stock","powerbuy.co.th"
"Galaxy A06 5G (RAM 6GB, 128GB, Light Green)","304261","4299.00","Out of Stock","powerbuy.co.th"
"Galaxy A06 5G (RAM 6GB, 128GB, Light Green)","304261","4299.00","Out of Stock","powerbuy.co.th"
"Galaxy A06 5G (RAM 6GB, 128GB, Black)","304263","4299.00","Out of Stock","powerbuy.co.th"
"Galaxy A06 5G (RAM 6GB, 128GB, Black)","304263","4299.00","Out of Stock","powerbuy.co.th"
"ทีวี Q7F สมาร์ททีวี 43 นิ้ว 4K QLED รุ่น QA43Q7F4AKXXT ปี 2025","305318","13990.00","Out of Stock","powerbuy.co.th"
"Upgrade Galaxy Z Flip7 (RAM 12GB, 512GB, Coralred)","306536","40900.00","Out of Stock","powerbuy.co.th"
"Upgrade Galaxy Z Flip7 (RAM 12GB, 512GB, Coralred)","306536","40900.00","Out of Stock","powerbuy.co.th"
"Upgrade Galaxy Z Flip7 (RAM 12GB, 512GB, Jetblack)","306537","40900.00","Out of Stock","powerbuy.co.th"
"Upgrade Galaxy Z Flip7 (RAM 12GB, 512GB, Jetblack)","306537","40900.00","Out of Stock","powerbuy.co.th"
"Upgrade Galaxy Z Flip7 (RAM 12GB, 512GB, Blue Shadow)","306538","40900.00","Out of Stock","powerbuy.co.th"
"Upgrade Galaxy Z Flip7 (RAM 12GB, 512GB, Blue Shadow)","306538","40900.00","Out of Stock","powerbuy.co.th"
"Upgrade Galaxy Z Fold7 (RAM 12GB, 512GB, Jetblack)","306555","67900.00","Out of Stock","powerbuy.co.th"
"Upgrade Galaxy Z Fold7 (RAM 12GB, 512GB, Jetblack)","306555","67900.00","Out of Stock","powerbuy.co.th"
"Upgrade Galaxy Z Fold7 (RAM 12GB, 512GB, Blue Shadow)","306556","67900.00","Out of Stock","powerbuy.co.th"
"Upgrade Galaxy Z Fold7 (RAM 12GB, 512GB, Silver Shadow)","306557","67900.00","Out of Stock","powerbuy.co.th"
"Upgrade Galaxy Z Fold7 (RAM 12GB, 512GB, Silver Shadow)","306557","67900.00","Out of Stock","powerbuy.co.th"
"Galaxy Z Flip7 FE (RAM 8GB, 256GB, Black)","306572","29900.00","Out of Stock","powerbuy.co.th"
"ZAGG Crystal Palace Snap เคสสำหรับ iPhone 16e (สีใส)","KS056575","1090.00","Out of Stock","powerbuy.co.th"
"Samsung Galaxy S24 Ultra (256GB, Titanium Black)","TEST001","42900.00","Out of Stock","powerbuy.co.th"
"Samsung Galaxy S24 (128GB, Marble Gray)","TEST002","25900.00","Out of Stock","powerbuy.co.th"
"Samsung Galaxy Tab S9 (128GB, Graphite)","TEST003","28900.00","Out of Stock","powerbuy.co.th"
